Matrix Name,Loading Time (s),Size (Bytes),Memory Allocation (Bytes)
bundle_adj,8.274189125,165772944,663312200
G3_circuit,2.8597258,73972152,295882728
nd24k,8.737056563,230302800,921205336
TSC_OPF_1047,0.707157753000001,16202064,64802392
